"filename","id_no","seasonal","binomial","category"
"22689362_1",22689362,1,"Aegolius funereus","LC"
"22689362_3",22689362,3,"Aegolius funereus","LC"
"22721135_2",22721135,2,"Ammospiza leconteii","LC"
"22721135_3",22721135,3,"Ammospiza leconteii","LC"
"22721135_4",22721135,4,"Ammospiza leconteii","LC"
"22679896_3",22679896,3,"Anser caerulescens","LC"
"22679896_4",22679896,4,"Anser caerulescens","LC"
"22679896_2",22679896,2,"Anser caerulescens","LC"
"22679909_2",22679909,2,"Anser rossii","LC"
"22679909_3",22679909,3,"Anser rossii","LC"
"22679909_4",22679909,4,"Anser rossii","LC"
"22718556_2",22718556,2,"Anthus pratensis","LC"
"22718556_1",22718556,1,"Anthus pratensis","LC"
"22718556_3",22718556,3,"Anthus pratensis","LC"
"22718556_4",22718556,4,"Anthus pratensis","LC"
"22698201_2",22698201,2,"Ardenna gravis","LC"
"22698201_3",22698201,3,"Ardenna gravis","LC"
"22689507_2",22689507,2,"Asio otus","LC"
"22689507_1",22689507,1,"Asio otus","LC"
"22689507_3",22689507,3,"Asio otus","LC"
"22680402_3",22680402,3,"Aythya affinis","LC"
"22680402_2",22680402,2,"Aythya affinis","LC"
"22680402_1",22680402,1,"Aythya affinis","LC"
"22680402_4",22680402,4,"Aythya affinis","LC"
"22680367_3",22680367,3,"Aythya americana","LC"
"22680367_4",22680367,4,"Aythya americana","LC"
"22680367_1",22680367,1,"Aythya americana","LC"
"22680367_2",22680367,2,"Aythya americana","LC"
"22680370_2",22680370,2,"Aythya collaris","LC"
"22680370_1",22680370,1,"Aythya collaris","LC"
"22680370_3",22680370,3,"Aythya collaris","LC"
"22680370_4",22680370,4,"Aythya collaris","LC"
"22680364_1",22680364,1,"Aythya valisineria","LC"
"22680364_2",22680364,2,"Aythya valisineria","LC"
"22680364_4",22680364,4,"Aythya valisineria","LC"
"22680364_3",22680364,3,"Aythya valisineria","LC"
"22708153_3",22708153,3,"Bombycilla cedrorum","LC"
"22708153_2",22708153,2,"Bombycilla cedrorum","LC"
"22708153_1",22708153,1,"Bombycilla cedrorum","LC"
"22708153_4",22708153,4,"Bombycilla cedrorum","LC"
"22679500_1",22679500,1,"Bonasa umbellus","LC"
"22679946_3",22679946,3,"Branta bernicla","LC"
"22679946_2",22679946,2,"Branta bernicla","LC"
"22679946_4",22679946,4,"Branta bernicla","LC"
"22733619_4",22733619,4,"Branta hutchinsii","LC"
"22733619_2",22733619,2,"Branta hutchinsii","LC"
"22733619_3",22733619,3,"Branta hutchinsii","LC"
"22721037_2",22721037,2,"Calcarius pictus","LC"
"22721037_3",22721037,3,"Calcarius pictus","LC"
"22721037_4",22721037,4,"Calcarius pictus","LC"
"22721882_2",22721882,2,"Cardellina canadensis","LC"
"22721882_4",22721882,4,"Cardellina canadensis","LC"
"22721882_3",22721882,3,"Cardellina canadensis","LC"
"22721879_2",22721879,2,"Cardellina pusilla","LC"
"22721879_3",22721879,3,"Cardellina pusilla","LC"
"22721879_4",22721879,4,"Cardellina pusilla","LC"
"22708667_4",22708667,4,"Catharus guttatus","LC"
"22708667_1",22708667,1,"Catharus guttatus","LC"
"22708667_3",22708667,3,"Catharus guttatus","LC"
"22708667_2",22708667,2,"Catharus guttatus","LC"
"22708658_2",22708658,2,"Catharus minimus","LC"
"22708658_4",22708658,4,"Catharus minimus","LC"
"22708658_3",22708658,3,"Catharus minimus","LC"
"103881981_2",103881981,2,"Catharus swainsoni","LC"
"103881981_3",103881981,3,"Catharus swainsoni","LC"
"103881981_4",103881981,4,"Catharus swainsoni","LC"
"22711244_3",22711244,3,"Certhia americana","LC"
"22711244_1",22711244,1,"Certhia americana","LC"
"22711244_4",22711244,4,"Certhia americana","LC"
"22711244_2",22711244,2,"Certhia americana","LC"
"22708163_1",22708163,1,"Cinclus mexicanus","LC"
"22734216_4",22734216,4,"Circaetus gallicus","LC"
"22734216_3",22734216,3,"Circaetus gallicus","LC"
"22734216_1",22734216,1,"Circaetus gallicus","LC"
"22734216_2",22734216,2,"Circaetus gallicus","LC"
"22727733_1",22727733,1,"Circus cyaneus","LC"
"22727733_4",22727733,4,"Circus cyaneus","LC"
"22727733_3",22727733,3,"Circus cyaneus","LC"
"22727733_2",22727733,2,"Circus cyaneus","LC"
"22695405_3",22695405,3,"Circus pygargus","LC"
"22695405_4",22695405,4,"Circus pygargus","LC"
"22695405_2",22695405,2,"Circus pygargus","LC"
"22696027_2",22696027,2,"Clanga clanga","VU"
"22696027_4",22696027,4,"Clanga clanga","VU"
"22696027_3",22696027,3,"Clanga clanga","VU"
"22696022_3",22696022,3,"Clanga pomarina","LC"
"22696022_4",22696022,4,"Clanga pomarina","LC"
"22696022_2",22696022,2,"Clanga pomarina","LC"
"22699811_4",22699811,4,"Contopus sordidulus","LC"
"22699811_2",22699811,2,"Contopus sordidulus","LC"
"22699811_3",22699811,3,"Contopus sordidulus","LC"
"22692275_2",22692275,2,"Coturnicops noveboracensis","LC"
"22692275_3",22692275,3,"Coturnicops noveboracensis","LC"
"22692275_4",22692275,4,"Coturnicops noveboracensis","LC"
"22699845_4",22699845,4,"Empidonax alnorum","LC"
"22699845_2",22699845,2,"Empidonax alnorum","LC"
"22699845_3",22699845,3,"Empidonax alnorum","LC"
"22699857_2",22699857,2,"Empidonax hammondii","LC"
"22699857_3",22699857,3,"Empidonax hammondii","LC"
"22699857_4",22699857,4,"Empidonax hammondii","LC"
"22699854_2",22699854,2,"Empidonax minimus","LC"
"22699854_3",22699854,3,"Empidonax minimus","LC"
"22699854_4",22699854,4,"Empidonax minimus","LC"
"22699864_2",22699864,2,"Empidonax oberholseri","LC"
"22699864_4",22699864,4,"Empidonax oberholseri","LC"
"22699864_3",22699864,3,"Empidonax oberholseri","LC"
"22696453_4",22696453,4,"Falco columbarius","LC"
"22696453_3",22696453,3,"Falco columbarius","LC"
"22696453_1",22696453,1,"Falco columbarius","LC"
"22696453_2",22696453,2,"Falco columbarius","LC"
"22696362_4",22696362,4,"Falco tinnunculus","LC"
"22696362_3",22696362,3,"Falco tinnunculus","LC"
"22696362_1",22696362,1,"Falco tinnunculus","LC"
"22696362_2",22696362,2,"Falco tinnunculus","LC"
"22696432_2",22696432,2,"Falco vespertinus","VU"
"22696432_3",22696432,3,"Falco vespertinus","VU"
"22696432_4",22696432,4,"Falco vespertinus","VU"
"22693093_3",22693093,3,"Gallinago media","NT"
"22693093_4",22693093,4,"Gallinago media","NT"
"22693093_2",22693093,2,"Gallinago media","NT"
"22721830_2",22721830,2,"Geothlypis tolmiei","LC"
"22721830_3",22721830,3,"Geothlypis tolmiei","LC"
"22721830_4",22721830,4,"Geothlypis tolmiei","LC"
"22721836_2",22721836,2,"Geothlypis trichas","LC"
"22721836_1",22721836,1,"Geothlypis trichas","LC"
"22721836_3",22721836,3,"Geothlypis trichas","LC"
"22721836_4",22721836,4,"Geothlypis trichas","LC"
"22708385_2",22708385,2,"Ixoreus naevius","LC"
"22708385_1",22708385,1,"Ixoreus naevius","LC"
"22708385_3",22708385,3,"Ixoreus naevius","LC"
"22708385_4",22708385,4,"Ixoreus naevius","LC"
"22721624_4",22721624,4,"Leiothlypis celata","LC"
"22721624_2",22721624,2,"Leiothlypis celata","LC"
"22721624_1",22721624,1,"Leiothlypis celata","LC"
"22721624_3",22721624,3,"Leiothlypis celata","LC"
"22721621_4",22721621,4,"Leiothlypis peregrina","LC"
"22721621_3",22721621,3,"Leiothlypis peregrina","LC"
"22721621_2",22721621,2,"Leiothlypis peregrina","LC"
"22680163_2",22680163,2,"Mareca americana","LC"
"22680163_1",22680163,1,"Mareca americana","LC"
"22680163_3",22680163,3,"Mareca americana","LC"
"22732425_2",22732425,2,"Melanitta americana","NT"
"22732425_3",22732425,3,"Melanitta americana","NT"
"22732425_4",22732425,4,"Melanitta americana","NT"
"22721070_2",22721070,2,"Melospiza georgiana","LC"
"22721070_1",22721070,1,"Melospiza georgiana","LC"
"22721070_3",22721070,3,"Melospiza georgiana","LC"
"22721070_4",22721070,4,"Melospiza georgiana","LC"
"22721064_2",22721064,2,"Melospiza lincolnii","LC"
"22721064_3",22721064,3,"Melospiza lincolnii","LC"
"22721064_1",22721064,1,"Melospiza lincolnii","LC"
"22721064_4",22721064,4,"Melospiza lincolnii","LC"
"22721058_2",22721058,2,"Melospiza melodia","LC"
"22721058_3",22721058,3,"Melospiza melodia","LC"
"22721058_1",22721058,1,"Melospiza melodia","LC"
"22721058_4",22721058,4,"Melospiza melodia","LC"
"22721758_2",22721758,2,"Mniotilta varia","LC"
"22721758_4",22721758,4,"Mniotilta varia","LC"
"22721758_3",22721758,3,"Mniotilta varia","LC"
"22708587_2",22708587,2,"Myadestes townsendi","LC"
"22708587_1",22708587,1,"Myadestes townsendi","LC"
"22708587_3",22708587,3,"Myadestes townsendi","LC"
"22708587_4",22708587,4,"Myadestes townsendi","LC"
"22721793_2",22721793,2,"Parkesia noveboracensis","LC"
"22721793_4",22721793,4,"Parkesia noveboracensis","LC"
"22721793_3",22721793,3,"Parkesia noveboracensis","LC"
"22721159_2",22721159,2,"Passerella arborea","LC"
"22721159_3",22721159,3,"Passerella arborea","LC"
"22721159_4",22721159,4,"Passerella arborea","LC"
"103779110_3",103779110,3,"Passerella iliaca","LC"
"103779110_4",103779110,4,"Passerella iliaca","LC"
"103779110_2",103779110,2,"Passerella iliaca","LC"
"22696574_1",22696574,1,"Podilymbus podiceps","LC"
"22696574_2",22696574,2,"Podilymbus podiceps","LC"
"22696574_3",22696574,3,"Podilymbus podiceps","LC"
"22696574_4",22696574,4,"Podilymbus podiceps","LC"
"22712567_2",22712567,2,"Regulus calendula","LC"
"22712567_1",22712567,1,"Regulus calendula","LC"
"22712567_3",22712567,3,"Regulus calendula","LC"
"22712567_4",22712567,4,"Regulus calendula","LC"
"22699886_1",22699886,1,"Sayornis phoebe","LC"
"22699886_3",22699886,3,"Sayornis phoebe","LC"
"22699886_2",22699886,2,"Sayornis phoebe","LC"
"22699886_4",22699886,4,"Sayornis phoebe","LC"
"22721779_2",22721779,2,"Seiurus aurocapilla","LC"
"22721779_4",22721779,4,"Seiurus aurocapilla","LC"
"22721779_3",22721779,3,"Seiurus aurocapilla","LC"
"22721734_3",22721734,3,"Setophaga castanea","LC"
"22721734_2",22721734,2,"Setophaga castanea","LC"
"22721734_4",22721734,4,"Setophaga castanea","LC"
"22721667_3",22721667,3,"Setophaga magnolia","LC"
"22721667_2",22721667,2,"Setophaga magnolia","LC"
"22721667_4",22721667,4,"Setophaga magnolia","LC"
"22721731_2",22721731,2,"Setophaga palmarum","LC"
"22721731_3",22721731,3,"Setophaga palmarum","LC"
"22721731_4",22721731,4,"Setophaga palmarum","LC"
"22721657_2",22721657,2,"Setophaga petechia","LC"
"22721657_4",22721657,4,"Setophaga petechia","LC"
"22721657_1",22721657,1,"Setophaga petechia","LC"
"22721657_3",22721657,3,"Setophaga petechia","LC"
"22721762_2",22721762,2,"Setophaga ruticilla","LC"
"22721762_4",22721762,4,"Setophaga ruticilla","LC"
"22721762_3",22721762,3,"Setophaga ruticilla","LC"
"22721670_2",22721670,2,"Setophaga tigrina","LC"
"22721670_3",22721670,3,"Setophaga tigrina","LC"
"22721670_4",22721670,4,"Setophaga tigrina","LC"
"22721683_3",22721683,3,"Setophaga townsendi","LC"
"22721683_4",22721683,4,"Setophaga townsendi","LC"
"22721683_2",22721683,2,"Setophaga townsendi","LC"
"22721683_1",22721683,1,"Setophaga townsendi","LC"
"22680229_2",22680229,2,"Spatula discors","LC"
"22680229_4",22680229,4,"Spatula discors","LC"
"22680229_1",22680229,1,"Spatula discors","LC"
"22680229_3",22680229,3,"Spatula discors","LC"
"22734705_3",22734705,3,"Spizella breweri","LC"
"22734705_2",22734705,2,"Spizella breweri","LC"
"22734705_1",22734705,1,"Spizella breweri","LC"
"22734705_4",22734705,4,"Spizella breweri","LC"
"22721165_2",22721165,2,"Spizella pallida","LC"
"22721165_3",22721165,3,"Spizella pallida","LC"
"22721165_4",22721165,4,"Spizella pallida","LC"
"22721162_4",22721162,4,"Spizella passerina","LC"
"22721162_3",22721162,3,"Spizella passerina","LC"
"22721162_1",22721162,1,"Spizella passerina","LC"
"22721162_2",22721162,2,"Spizella passerina","LC"
"22689118_1",22689118,1,"Strix nebulosa","LC"
"22689189_3",22689189,3,"Surnia ulula","LC"
"22689189_1",22689189,1,"Surnia ulula","LC"
"103885731_2",103885731,2,"Troglodytes hiemalis","LC"
"103885731_4",103885731,4,"Troglodytes hiemalis","LC"
"103885731_3",103885731,3,"Troglodytes hiemalis","LC"
"103885731_1",103885731,1,"Troglodytes hiemalis","LC"
"103884879_2",103884879,2,"Troglodytes pacificus","LC"
"103884879_3",103884879,3,"Troglodytes pacificus","LC"
"103884879_1",103884879,1,"Troglodytes pacificus","LC"
"103884879_4",103884879,4,"Troglodytes pacificus","LC"
"103889499_2",103889499,2,"Turdus migratorius","LC"
"103889499_1",103889499,1,"Turdus migratorius","LC"
"103889499_3",103889499,3,"Turdus migratorius","LC"
"22680358_1",22680358,1,"Aythya ferina","VU"
"22680358_2",22680358,2,"Aythya ferina","VU"
"22680358_3",22680358,3,"Aythya ferina","VU"
"22693452_3",22693452,3,"Calidris pygmaea","CR"
"22693452_2",22693452,2,"Calidris pygmaea","CR"
"22693452_4",22693452,4,"Calidris pygmaea","CR"
"22735122_3",22735122,3,"Vireo gilvus","LC"
"22735122_1",22735122,1,"Vireo gilvus","LC"
"22735122_4",22735122,4,"Vireo gilvus","LC"
"22735122_2",22735122,2,"Vireo gilvus","LC"
"22705234_2",22705234,2,"Vireo solitarius","LC"
"22705234_3",22705234,3,"Vireo solitarius","LC"
"22705234_4",22705234,4,"Vireo solitarius","LC"
"22721088_2",22721088,2,"Zonotrichia leucophrys","LC"
"22721088_1",22721088,1,"Zonotrichia leucophrys","LC"
"22721088_3",22721088,3,"Zonotrichia leucophrys","LC"
"22721088_4",22721088,4,"Zonotrichia leucophrys","LC"
"22695137_2",22695137,2,"Haliaeetus albicilla","LC"
"22695137_4",22695137,4,"Haliaeetus albicilla","LC"
"22695137_3",22695137,3,"Haliaeetus albicilla","LC"
"22695137_1",22695137,1,"Haliaeetus albicilla","LC"
"22695072_2",22695072,2,"Milvus milvus","LC"
"22695072_4",22695072,4,"Milvus milvus","LC"
"22695072_3",22695072,3,"Milvus milvus","LC"
"22695072_1",22695072,1,"Milvus milvus","LC"
"22680412_2",22680412,2,"Somateria fischeri","NT"
"22680412_3",22680412,3,"Somateria fischeri","NT"
"22710184_3",22710184,3,"Saxicola torquatus","LC"
"22710184_1",22710184,1,"Saxicola torquatus","LC"
"22710184_2",22710184,2,"Saxicola torquatus","LC"
"22710184_4",22710184,4,"Saxicola torquatus","LC"
"22727124_1",22727124,1,"Dendrocopos leucotos","LC"
"22727124_3",22727124,3,"Dendrocopos leucotos","LC"
"22729498_1",22729498,1,"Anas carolinensis","LC"
"22729498_2",22729498,2,"Anas carolinensis","LC"
"22729498_3",22729498,3,"Anas carolinensis","LC"
"22729498_4",22729498,4,"Anas carolinensis","LC"
"22680321_1",22680321,1,"Anas crecca","LC"
"22680321_2",22680321,2,"Anas crecca","LC"
"22680321_3",22680321,3,"Anas crecca","LC"
"181500967_3",181500967,3,"Ardea herodias","LC"
"181500967_1",181500967,1,"Ardea herodias","LC"
"181500967_2",181500967,2,"Ardea herodias","LC"
"22682655_3",22682655,3,"Upupa epops","LC"
"22682655_2",22682655,2,"Upupa epops","LC"
"22682655_1",22682655,1,"Upupa epops","LC"
"22682655_4",22682655,4,"Upupa epops","LC"
"22725044_3",22725044,3,"Acanthis flammea","LC"
"22725044_1",22725044,1,"Acanthis flammea","LC"
"22725044_2",22725044,2,"Acanthis flammea","LC"
"22725044_4",22725044,4,"Acanthis flammea","LC"
"22734130_1",22734130,1,"Accipiter striatus","LC"
"22734130_2",22734130,2,"Accipiter striatus","LC"
"22734130_3",22734130,3,"Accipiter striatus","LC"
"22734130_4",22734130,4,"Accipiter striatus","LC"
"22714741_3",22714741,3,"Acrocephalus palustris","LC"
"22714741_2",22714741,2,"Acrocephalus palustris","LC"
"22714741_4",22714741,4,"Acrocephalus palustris","LC"
"22714722_3",22714722,3,"Acrocephalus scirpaceus","LC"
"22714722_1",22714722,1,"Acrocephalus scirpaceus","LC"
"22714722_2",22714722,2,"Acrocephalus scirpaceus","LC"
"22714722_4",22714722,4,"Acrocephalus scirpaceus","LC"
"22680301_2",22680301,2,"Anas acuta","LC"
"22680301_3",22680301,3,"Anas acuta","LC"
"22680301_4",22680301,4,"Anas acuta","LC"
"22680186_1",22680186,1,"Anas platyrhynchos","LC"
"22680186_4",22680186,4,"Anas platyrhynchos","LC"
"22680186_2",22680186,2,"Anas platyrhynchos","LC"
"22680186_3",22680186,3,"Anas platyrhynchos","LC"
"22718560_2",22718560,2,"Anthus cervinus","LC"
"22718560_3",22718560,3,"Anthus cervinus","LC"
"22718560_4",22718560,4,"Anthus cervinus","LC"
"103821389_2",103821389,2,"Anthus richardi","LC"
"103821389_3",103821389,3,"Anthus richardi","LC"
"103821389_4",103821389,4,"Anthus richardi","LC"
"22718575_2",22718575,2,"Anthus rubescens","LC"
"22718575_3",22718575,3,"Anthus rubescens","LC"
"22718575_4",22718575,4,"Anthus rubescens","LC"
"22686845_3",22686845,3,"Apus pacificus","LC"
"22686845_1",22686845,1,"Apus pacificus","LC"
"22686845_2",22686845,2,"Apus pacificus","LC"
"22686845_4",22686845,4,"Apus pacificus","LC"
"22696993_3",22696993,3,"Ardea cinerea","LC"
"22696993_1",22696993,1,"Ardea cinerea","LC"
"22696993_2",22696993,2,"Ardea cinerea","LC"
"22698188_2",22698188,2,"Ardenna carneipes","NT"
"22698188_1",22698188,1,"Ardenna carneipes","NT"
"22693336_1",22693336,1,"Arenaria interpres","LC"
"22693336_3",22693336,3,"Arenaria interpres","LC"
"22693336_2",22693336,2,"Arenaria interpres","LC"
"22694870_2",22694870,2,"Brachyramphus marmoratus","EN"
"22694870_1",22694870,1,"Brachyramphus marmoratus","EN"
"22694870_3",22694870,3,"Brachyramphus marmoratus","EN"
"22693427_4",22693427,4,"Calidris alpina","LC"
"22693427_3",22693427,3,"Calidris alpina","LC"
"22693427_2",22693427,2,"Calidris alpina","LC"
"22693427_1",22693427,1,"Calidris alpina","LC"
"22693359_4",22693359,4,"Calidris tenuirostris","EN"
"22693359_3",22693359,3,"Calidris tenuirostris","EN"
"22693359_2",22693359,2,"Calidris tenuirostris","EN"
"22693770_4",22693770,4,"Charadrius dubius","LC"
"22693770_3",22693770,3,"Charadrius dubius","LC"
"22693770_1",22693770,1,"Charadrius dubius","LC"
"22693770_2",22693770,2,"Charadrius dubius","LC"
"22694787_3",22694787,3,"Chlidonias niger","LC"
"22694787_2",22694787,2,"Chlidonias niger","LC"
"22694787_4",22694787,4,"Chlidonias niger","LC"
"22690066_1",22690066,1,"Columba livia","LC"
"22721007_3",22721007,3,"Emberiza pallasi","LC"
"22721007_2",22721007,2,"Emberiza pallasi","LC"
"22721007_4",22721007,4,"Emberiza pallasi","LC"
"22721012_3",22721012,3,"Emberiza schoeniclus","LC"
"22721012_2",22721012,2,"Emberiza schoeniclus","LC"
"22721012_1",22721012,1,"Emberiza schoeniclus","LC"
"22721012_4",22721012,4,"Emberiza schoeniclus","LC"
"22699871_3",22699871,3,"Empidonax difficilis","LC"
"22699871_2",22699871,2,"Empidonax difficilis","LC"
"22699871_1",22699871,1,"Empidonax difficilis","LC"
"22699871_4",22699871,4,"Empidonax difficilis","LC"
"22717434_4",22717434,4,"Eremophila alpestris","LC"
"22717434_1",22717434,1,"Eremophila alpestris","LC"
"22717434_2",22717434,2,"Eremophila alpestris","LC"
"22717434_3",22717434,3,"Eremophila alpestris","LC"
"45354964_4",45354964,4,"Falco peregrinus","LC"
"45354964_2",45354964,2,"Falco peregrinus","LC"
"45354964_3",45354964,3,"Falco peregrinus","LC"
"45354964_1",45354964,1,"Falco peregrinus","LC"
"22720030_3",22720030,3,"Fringilla coelebs","LC"
"22720030_2",22720030,2,"Fringilla coelebs","LC"
"22720030_1",22720030,1,"Fringilla coelebs","LC"
"22720030_4",22720030,4,"Fringilla coelebs","LC"
"22692913_2",22692913,2,"Fulica atra","LC"
"22692913_1",22692913,1,"Fulica atra","LC"
"22692913_3",22692913,3,"Fulica atra","LC"
"22693097_1",22693097,1,"Gallinago gallinago","LC"
"22693097_2",22693097,2,"Gallinago gallinago","LC"
"22693097_3",22693097,3,"Gallinago gallinago","LC"
"62120190_1",62120190,1,"Gallinula chloropus","LC"
"62120190_3",62120190,3,"Gallinula chloropus","LC"
"62120190_2",62120190,2,"Gallinula chloropus","LC"
"22692156_2",22692156,2,"Grus americana","EN"
"22692156_3",22692156,3,"Grus americana","EN"
"22692156_1",22692156,1,"Grus americana","EN"
"22692156_4",22692156,4,"Grus americana","EN"
"22693613_3",22693613,3,"Haematopus ostralegus","NT"
"22693613_2",22693613,2,"Haematopus ostralegus","NT"
"22693613_1",22693613,1,"Haematopus ostralegus","NT"
"22693613_4",22693613,4,"Haematopus ostralegus","NT"
"22686677_1",22686677,1,"Hirundapus caudacutus","LC"
"22686677_2",22686677,2,"Hirundapus caudacutus","LC"
"22686677_3",22686677,3,"Hirundapus caudacutus","LC"
"22686677_4",22686677,4,"Hirundapus caudacutus","LC"
"22712252_3",22712252,3,"Hirundo rustica","LC"
"22712252_4",22712252,4,"Hirundo rustica","LC"
"22712252_1",22712252,1,"Hirundo rustica","LC"
"22712252_2",22712252,2,"Hirundo rustica","LC"
"22694524_2",22694524,2,"Hydroprogne caspia","LC"
"22694524_3",22694524,3,"Hydroprogne caspia","LC"
"22694524_4",22694524,4,"Hydroprogne caspia","LC"
"22694524_1",22694524,1,"Hydroprogne caspia","LC"
"22735766_2",22735766,2,"Ixobrychus minutus","LC"
"22735766_1",22735766,1,"Ixobrychus minutus","LC"
"22735766_3",22735766,3,"Ixobrychus minutus","LC"
"22735766_4",22735766,4,"Ixobrychus minutus","LC"
"103718932_2",103718932,2,"Lanius excubitor","LC"
"103718932_3",103718932,3,"Lanius excubitor","LC"
"103718932_1",103718932,1,"Lanius excubitor","LC"
"103718932_4",103718932,4,"Lanius excubitor","LC"
"22694308_1",22694308,1,"Larus canus","LC"
"22694308_2",22694308,2,"Larus canus","LC"
"22694308_3",22694308,3,"Larus canus","LC"
"22694308_4",22694308,4,"Larus canus","LC"
"22694373_3",22694373,3,"Larus fuscus","LC"
"22694373_1",22694373,1,"Larus fuscus","LC"
"22694373_2",22694373,2,"Larus fuscus","LC"
"22694373_4",22694373,4,"Larus fuscus","LC"
"62030590_3",62030590,3,"Larus smithsonianus","LC"
"62030590_2",62030590,2,"Larus smithsonianus","LC"
"62030590_1",62030590,1,"Larus smithsonianus","LC"
"62030590_4",62030590,4,"Larus smithsonianus","LC"
"22717411_3",22717411,3,"Lullula arborea","LC"
"22717411_1",22717411,1,"Lullula arborea","LC"
"22717411_2",22717411,2,"Lullula arborea","LC"
"22717411_4",22717411,4,"Lullula arborea","LC"
"22718348_1",22718348,1,"Motacilla alba","LC"
"22718348_3",22718348,3,"Motacilla alba","LC"
"22718348_2",22718348,2,"Motacilla alba","LC"
"22718379_1",22718379,1,"Motacilla citreola","LC"
"22718379_3",22718379,3,"Motacilla citreola","LC"
"22718379_2",22718379,2,"Motacilla citreola","LC"
"22718379_4",22718379,4,"Motacilla citreola","LC"
"103822349_2",103822349,2,"Motacilla flava","LC"
"103822349_1",103822349,1,"Motacilla flava","LC"
"103822349_3",103822349,3,"Motacilla flava","LC"
"103822349_4",103822349,4,"Motacilla flava","LC"
"103822471_4",103822471,4,"Motacilla tschutschensis","LC"
"103822471_2",103822471,2,"Motacilla tschutschensis","LC"
"103822471_3",103822471,3,"Motacilla tschutschensis","LC"
"22709207_3",22709207,3,"Muscicapa dauurica","LC"
"22709207_2",22709207,2,"Muscicapa dauurica","LC"
"22709207_1",22709207,1,"Muscicapa dauurica","LC"
"22709207_4",22709207,4,"Muscicapa dauurica","LC"
"22709204_2",22709204,2,"Muscicapa sibirica","LC"
"22709204_3",22709204,3,"Muscicapa sibirica","LC"
"22709204_4",22709204,4,"Muscicapa sibirica","LC"
"22709192_4",22709192,4,"Muscicapa striata","LC"
"22709192_3",22709192,3,"Muscicapa striata","LC"
"22709192_2",22709192,2,"Muscicapa striata","LC"
"103818789_3",103818789,3,"Passer domesticus","LC"
"103818789_1",103818789,1,"Passer domesticus","LC"
"22696792_4",22696792,4,"Phalacrocorax carbo","LC"
"22696792_3",22696792,3,"Phalacrocorax carbo","LC"
"22696792_1",22696792,1,"Phalacrocorax carbo","LC"
"22696792_2",22696792,2,"Phalacrocorax carbo","LC"
"22710051_3",22710051,3,"Phoenicurus ochruros","LC"
"22710051_1",22710051,1,"Phoenicurus ochruros","LC"
"22710051_2",22710051,2,"Phoenicurus ochruros","LC"
"22710051_4",22710051,4,"Phoenicurus ochruros","LC"
"22710055_3",22710055,3,"Phoenicurus phoenicurus","LC"
"22710055_2",22710055,2,"Phoenicurus phoenicurus","LC"
"22710055_4",22710055,4,"Phoenicurus phoenicurus","LC"
"103843725_3",103843725,3,"Phylloscopus collybita","LC"
"103843725_1",103843725,1,"Phylloscopus collybita","LC"
"103843725_2",103843725,2,"Phylloscopus collybita","LC"
"103843725_4",103843725,4,"Phylloscopus collybita","LC"
"22693735_3",22693735,3,"Pluvialis fulva","LC"
"22693735_2",22693735,2,"Pluvialis fulva","LC"
"22693735_4",22693735,4,"Pluvialis fulva","LC"
"22693749_3",22693749,3,"Pluvialis squatarola","LC"
"22693749_4",22693749,4,"Pluvialis squatarola","LC"
"22693749_2",22693749,2,"Pluvialis squatarola","LC"
"22696602_2",22696602,2,"Podiceps cristatus","LC"
"22696602_3",22696602,3,"Podiceps cristatus","LC"
"22696602_1",22696602,1,"Podiceps cristatus","LC"
"22696602_4",22696602,4,"Podiceps cristatus","LC"
"155139697_1",155139697,1,"Poecile montanus","LC"
"22725141_1",22725141,1,"Rallus aquaticus","LC"
"22725141_3",22725141,3,"Rallus aquaticus","LC"
"22725141_2",22725141,2,"Rallus aquaticus","LC"
"103815961_3",103815961,3,"Riparia riparia","LC"
"103815961_2",103815961,2,"Riparia riparia","LC"
"103815961_4",103815961,4,"Riparia riparia","LC"
"22699889_2",22699889,2,"Sayornis saya","LC"
"22699889_3",22699889,3,"Sayornis saya","LC"
"22699889_1",22699889,1,"Sayornis saya","LC"
"22699889_4",22699889,4,"Sayornis saya","LC"
"22693052_2",22693052,2,"Scolopax rusticola","LC"
"22693052_1",22693052,1,"Scolopax rusticola","LC"
"22693052_3",22693052,3,"Scolopax rusticola","LC"
"22708556_3",22708556,3,"Sialia currucoides","LC"
"22708556_2",22708556,2,"Sialia currucoides","LC"
"22708556_1",22708556,1,"Sialia currucoides","LC"
"22708556_4",22708556,4,"Sialia currucoides","LC"
"22680247_4",22680247,4,"Spatula clypeata","LC"
"22680247_2",22680247,2,"Spatula clypeata","LC"
"22680247_1",22680247,1,"Spatula clypeata","LC"
"22680247_3",22680247,3,"Spatula clypeata","LC"
"22694623_2",22694623,2,"Sterna hirundo","LC"
"22694623_1",22694623,1,"Sterna hirundo","LC"
"22694623_4",22694623,4,"Sterna hirundo","LC"
"22694623_3",22694623,3,"Sterna hirundo","LC"
"22694656_2",22694656,2,"Sternula albifrons","LC"
"22694656_3",22694656,3,"Sternula albifrons","LC"
"22694656_1",22694656,1,"Sternula albifrons","LC"
"22694656_4",22694656,4,"Sternula albifrons","LC"
"22727811_1",22727811,1,"Streptopelia decaocto","LC"
"22690419_3",22690419,3,"Streptopelia turtur","VU"
"22690419_2",22690419,2,"Streptopelia turtur","VU"
"22710886_2",22710886,2,"Sturnus vulgaris","LC"
"22710886_3",22710886,3,"Sturnus vulgaris","LC"
"22710886_1",22710886,1,"Sturnus vulgaris","LC"
"22716910_2",22716910,2,"Curruca communis","LC"
"22716910_3",22716910,3,"Curruca communis","LC"
"22716910_4",22716910,4,"Curruca communis","LC"
"22734992_3",22734992,3,"Curruca curruca","LC"
"22734992_2",22734992,2,"Curruca curruca","LC"
"22734992_1",22734992,1,"Curruca curruca","LC"
"22734992_4",22734992,4,"Curruca curruca","LC"
"22696545_3",22696545,3,"Tachybaptus ruficollis","LC"
"22696545_2",22696545,2,"Tachybaptus ruficollis","LC"
"22696545_1",22696545,1,"Tachybaptus ruficollis","LC"
"22680024_2",22680024,2,"Tadorna tadorna","LC"
"22680024_3",22680024,3,"Tadorna tadorna","LC"
"22680024_1",22680024,1,"Tadorna tadorna","LC"
"22708768_2",22708768,2,"Turdus torquatus","LC"
"22708768_1",22708768,1,"Turdus torquatus","LC"
"22708768_3",22708768,3,"Turdus torquatus","LC"
"22708768_4",22708768,4,"Turdus torquatus","LC"
"22728950_4",22728950,4,"Urile pelagicus","LC"
"22728950_2",22728950,2,"Urile pelagicus","LC"
"22728950_1",22728950,1,"Urile pelagicus","LC"
"22728950_3",22728950,3,"Urile pelagicus","LC"
"155115462_3",155115462,3,"Vireo olivaceus","LC"
"155115462_2",155115462,2,"Vireo olivaceus","LC"
"155115462_4",155115462,4,"Vireo olivaceus","LC"
"22693251_3",22693251,3,"Xenus cinereus","LC"
"22693251_4",22693251,4,"Xenus cinereus","LC"
"22693251_2",22693251,2,"Xenus cinereus","LC"
"22692667_3",22692667,3,"Zapornia pusilla","LC"
"22692667_1",22692667,1,"Zapornia pusilla","LC"
"22692667_2",22692667,2,"Zapornia pusilla","LC"
"22692667_4",22692667,4,"Zapornia pusilla","LC"
"155646620_2",155646620,2,"Zoothera aurea","LC"
"155646620_1",155646620,1,"Zoothera aurea","LC"
"155646620_3",155646620,3,"Zoothera aurea","LC"
"155646620_4",155646620,4,"Zoothera aurea","LC"
"22693764_2",22693764,2,"Charadrius semipalmatus","LC"
"22693764_3",22693764,3,"Charadrius semipalmatus","LC"
"22693764_4",22693764,4,"Charadrius semipalmatus","LC"
"22693777_1",22693777,1,"Charadrius vociferus","LC"
"22693777_3",22693777,3,"Charadrius vociferus","LC"
"22693777_4",22693777,4,"Charadrius vociferus","LC"
"22693777_2",22693777,2,"Charadrius vociferus","LC"
"22694782_4",22694782,4,"Chlidonias leucopterus","LC"
"22689714_3",22689714,3,"Chordeiles minor","LC"
"22689714_4",22689714,4,"Chordeiles minor","LC"
"22689714_2",22689714,2,"Chordeiles minor","LC"
"22697669_3",22697669,3,"Ciconia nigra","LC"
"22697669_1",22697669,1,"Ciconia nigra","LC"
"22697669_2",22697669,2,"Ciconia nigra","LC"
"22697669_4",22697669,4,"Ciconia nigra","LC"
"22727740_4",22727740,4,"Circus hudsonius","LC"
"22727740_3",22727740,3,"Circus hudsonius","LC"
"22727740_1",22727740,1,"Circus hudsonius","LC"
"22727740_2",22727740,2,"Circus hudsonius","LC"
"22680427_3",22680427,3,"Clangula hyemalis","VU"
"22680427_2",22680427,2,"Clangula hyemalis","VU"
"22680427_4",22680427,4,"Clangula hyemalis","VU"
"22705775_1",22705775,1,"Perisoreus infaustus","LC"
"22726414_1",22726414,1,"Colaptes cafer","LC"
"22726414_2",22726414,2,"Colaptes cafer","LC"
"22726414_3",22726414,3,"Colaptes cafer","LC"
"22726404_1",22726404,1,"Colaptes auratus","LC"
"22726404_2",22726404,2,"Colaptes auratus","LC"
"22726404_3",22726404,3,"Colaptes auratus","LC"
"22690088_2",22690088,2,"Columba oenas","LC"
"22690088_1",22690088,1,"Columba oenas","LC"
"22690088_3",22690088,3,"Columba oenas","LC"
"22690074_1",22690074,1,"Columba rupestris","LC"
"22690074_3",22690074,3,"Columba rupestris","LC"
"22694469_3",22694469,3,"Hydrocoloeus minutus","LC"
"22694469_2",22694469,2,"Hydrocoloeus minutus","LC"
"22692543_4",22692543,4,"Crex crex","LC"
"22692543_3",22692543,3,"Crex crex","LC"
"22692543_2",22692543,2,"Crex crex","LC"
"22734695_1",22734695,1,"Dendragapus fuliginosus","LC"
"22734690_1",22734690,1,"Dendragapus obscurus","LC"
"22679862_4",22679862,4,"Cygnus columbianus","LC"
"22679862_3",22679862,3,"Cygnus columbianus","LC"
"22679862_2",22679862,2,"Cygnus columbianus","LC"
"22679856_2",22679856,2,"Cygnus cygnus","LC"
"22679856_1",22679856,1,"Cygnus cygnus","LC"
"22679856_3",22679856,3,"Cygnus cygnus","LC"
"22679839_2",22679839,2,"Cygnus olor","LC"
"22679839_3",22679839,3,"Cygnus olor","LC"
"22681124_1",22681124,1,"Dendrocopos major","LC"
"22681076_1",22681076,1,"Dryobates minor","LC"
"22681155_1",22681155,1,"Dryobates pubescens","LC"
"22681382_1",22681382,1,"Dryocopus martius","LC"
"22693906_2",22693906,2,"Eudromias morinellus","LC"
"22693906_3",22693906,3,"Eudromias morinellus","LC"
"22693906_4",22693906,4,"Eudromias morinellus","LC"
"22679814_1",22679814,1,"Oxyura leucocephala","EN"
"22718550_1",22718550,1,"Anthus hodgsoni","LC"
"61204079_1",61204079,1,"Falcipennis canadensis","LC"
"61204155_1",61204155,1,"Falcipennis franklinii","LC"
"22694934_2",22694934,2,"Fratercula cirrhata","LC"
"22694934_1",22694934,1,"Fratercula cirrhata","LC"
"22694934_3",22694934,3,"Fratercula cirrhata","LC"
"22694931_1",22694931,1,"Fratercula corniculata","LC"
"22694931_3",22694931,3,"Fratercula corniculata","LC"
"22694931_2",22694931,2,"Fratercula corniculata","LC"
"22696395_2",22696395,2,"Falco sparverius","LC"
"22696395_4",22696395,4,"Falco sparverius","LC"
"22696395_3",22696395,3,"Falco sparverius","LC"
"22696395_1",22696395,1,"Falco sparverius","LC"
"22696460_2",22696460,2,"Falco subbuteo","LC"
"22696460_4",22696460,4,"Falco subbuteo","LC"
"22696460_1",22696460,1,"Falco subbuteo","LC"
"22696460_3",22696460,3,"Falco subbuteo","LC"
"22729867_4",22729867,4,"Gallinago delicata","LC"
"22729867_2",22729867,2,"Gallinago delicata","LC"
"22729867_1",22729867,1,"Gallinago delicata","LC"
"22729867_3",22729867,3,"Gallinago delicata","LC"
"22693075_2",22693075,2,"Gallinago solitaria","LC"
"22693075_3",22693075,3,"Gallinago solitaria","LC"
"22693090_4",22693090,4,"Gallinago megala","LC"
"22693090_2",22693090,2,"Gallinago megala","LC"
"22693090_3",22693090,3,"Gallinago megala","LC"
"22693075_1",22693075,1,"Gallinago solitaria","LC"
"22693085_2",22693085,2,"Gallinago stenura","LC"
"22693085_3",22693085,3,"Gallinago stenura","LC"
"22697834_2",22697834,2,"Gavia arctica","LC"
"22697834_3",22697834,3,"Gavia arctica","LC"
"22697842_2",22697842,2,"Gavia immer","LC"
"22697842_3",22697842,3,"Gavia immer","LC"
"22697839_2",22697839,2,"Gavia pacifica","LC"
"22697839_3",22697839,3,"Gavia pacifica","LC"
"22680153_4",22680153,4,"Mareca falcata","NT"
"22680153_3",22680153,3,"Mareca falcata","NT"
"22680153_2",22680153,2,"Mareca falcata","NT"
"22681181_1",22681181,1,"Picoides arcticus","LC"
"22689194_1",22689194,1,"Glaucidium passerinum","LC"
"22692146_3",22692146,3,"Grus grus","LC"
"22692146_1",22692146,1,"Grus grus","LC"
"22692146_2",22692146,2,"Grus grus","LC"
"22692151_2",22692151,2,"Grus monacha","VU"
"22692151_3",22692151,3,"Grus monacha","VU"
"22720359_1",22720359,1,"Spinus pinus","LC"
"22720359_3",22720359,3,"Spinus pinus","LC"
"22680423_3",22680423,3,"Histrionicus histrionicus","LC"
"22680423_4",22680423,4,"Histrionicus histrionicus","LC"
"22680423_2",22680423,2,"Histrionicus histrionicus","LC"
"22698572_2",22698572,2,"Hydrobates furcatus","LC"
"22698572_1",22698572,1,"Hydrobates furcatus","LC"
"22679460_1",22679460,1,"Lagopus lagopus","LC"
"22679460_2",22679460,2,"Lagopus lagopus","LC"
"22679460_3",22679460,3,"Lagopus lagopus","LC"
"22714700_2",22714700,2,"Acrocephalus schoenobaenus","LC"
"22718550_2",22718550,2,"Anthus hodgsoni","LC"
"22680157_4",22680157,4,"Mareca penelope","LC"
"22680157_2",22680157,2,"Mareca penelope","LC"
"22680157_3",22680157,3,"Mareca penelope","LC"
"22720359_2",22720359,2,"Spinus pinus","LC"
"22720553_4",22720553,4,"Haemorhous purpureus","LC"
"22720553_2",22720553,2,"Haemorhous purpureus","LC"
"22720553_1",22720553,1,"Haemorhous purpureus","LC"
"22720553_3",22720553,3,"Haemorhous purpureus","LC"
"22720702_1",22720702,1,"Hesperiphona vespertina","VU"
"22720702_3",22720702,3,"Hesperiphona vespertina","VU"
"22706068_2",22706068,2,"Corvus corax","LC"
"22706068_3",22706068,3,"Corvus corax","LC"
"22721737_4",22721737,4,"Setophaga striata","NT"
"22721737_3",22721737,3,"Setophaga striata","NT"
"22721737_2",22721737,2,"Setophaga striata","NT"
"22699839_2",22699839,2,"Empidonax flaviventris","LC"
"22720957_3",22720957,3,"Emberiza chrysophrys","LC"
"22720878_2",22720878,2,"Emberiza citrinella","LC"
"22720878_3",22720878,3,"Emberiza citrinella","LC"
"22720969_2",22720969,2,"Emberiza rutila","LC"
"22694321_3",22694321,3,"Larus californicus","LC"
"22709331_2",22709331,2,"Ficedula mugimaki","LC"
"22720041_2",22720041,2,"Fringilla montifringilla","LC"
"62030608_2",62030608,2,"Larus argentatus","LC"
"62030608_3",62030608,3,"Larus argentatus","LC"
"62030608_1",62030608,1,"Larus argentatus","LC"
"22694321_1",22694321,1,"Larus californicus","LC"
"22694321_2",22694321,2,"Larus californicus","LC"
"22694321_4",22694321,4,"Larus californicus","LC"
"22694317_2",22694317,2,"Larus delawarensis","LC"
"22694317_3",22694317,3,"Larus delawarensis","LC"
"22694317_1",22694317,1,"Larus delawarensis","LC"
"22694334_3",22694334,3,"Larus glaucescens","LC"
"22694334_2",22694334,2,"Larus glaucescens","LC"
"22694334_1",22694334,1,"Larus glaucescens","LC"
"22694432_2",22694432,2,"Larus philadelphia","LC"
"22694432_3",22694432,3,"Larus philadelphia","LC"
"22694432_4",22694432,4,"Larus philadelphia","LC"
"22694420_1",22694420,1,"Larus ridibundus","LC"
"22694420_3",22694420,3,"Larus ridibundus","LC"
"22694420_4",22694420,4,"Larus ridibundus","LC"
"22694420_2",22694420,2,"Larus ridibundus","LC"
"22694362_1",22694362,1,"Larus schistisagus","LC"
"22694362_3",22694362,3,"Larus schistisagus","LC"
"22692053_2",22692053,2,"Leucogeranus leucogeranus","CR"
"22681166_1",22681166,1,"Leuconotopicus villosus","LC"
"22692053_3",22692053,3,"Leucogeranus leucogeranus","CR"
"22693348_3",22693348,3,"Limnodromus scolopaceus","LC"
"22693348_4",22693348,4,"Limnodromus scolopaceus","LC"
"22693344_3",22693344,3,"Limnodromus griseus","LC"
"22693344_2",22693344,2,"Limnodromus griseus","LC"
"22693344_4",22693344,4,"Limnodromus griseus","LC"
"22693158_2",22693158,2,"Limosa lapponica","NT"
"22693351_2",22693351,2,"Limnodromus semipalmatus","NT"
"22693158_4",22693158,4,"Limosa lapponica","NT"
"22693154_3",22693154,3,"Limosa haemastica","LC"
"22693154_4",22693154,4,"Limosa haemastica","LC"
"22693154_2",22693154,2,"Limosa haemastica","LC"
"22693158_3",22693158,3,"Limosa lapponica","NT"
"22693150_1",22693150,1,"Limosa limosa","NT"
"22693150_2",22693150,2,"Limosa limosa","NT"
"22693150_4",22693150,4,"Limosa limosa","NT"
"22693150_3",22693150,3,"Limosa limosa","NT"
"22709701_4",22709701,4,"Calliope calliope","LC"
"22709701_3",22709701,3,"Calliope calliope","LC"
"22709701_2",22709701,2,"Calliope calliope","LC"
"22709730_2",22709730,2,"Larvivora cyane","LC"
"22709730_3",22709730,3,"Larvivora cyane","LC"
"22709688_2",22709688,2,"Larvivora sibilans","LC"
"22709688_3",22709688,3,"Larvivora sibilans","LC"
"22711750_1",22711750,1,"Poecile cinctus","LC"
"22711810_1",22711810,1,"Lophophanes cristatus","LC"
"22711759_1",22711759,1,"Poecile hudsonicus","LC"
"22711767_1",22711767,1,"Poecile rufescens","LC"
"103871923_1",103871923,1,"Aegithalos caudatus","LC"
"22680441_2",22680441,2,"Melanitta perspicillata","LC"
"22680441_4",22680441,4,"Melanitta perspicillata","LC"
"22680441_3",22680441,3,"Melanitta perspicillata","LC"
"22683623_1",22683623,1,"Megaceryle alcyon","LC"
"22708382_4",22708382,4,"Geokichla sibirica","LC"
"22708382_3",22708382,3,"Geokichla sibirica","LC"
"22693133_2",22693133,2,"Lymnocryptes minimus","LC"
"22693133_3",22693133,3,"Lymnocryptes minimus","LC"
"22679480_1",22679480,1,"Lyrurus tetrix","LC"
"22680149_3",22680149,3,"Mareca strepera","LC"
"22680149_4",22680149,4,"Mareca strepera","LC"
"22683623_4",22683623,4,"Megaceryle alcyon","LC"
"22683623_3",22683623,3,"Megaceryle alcyon","LC"
"22688747_1",22688747,1,"Megascops kennicottii","LC"
"22680465_3",22680465,3,"Mergellus albellus","LC"
"22680465_2",22680465,2,"Mergellus albellus","LC"
"22693190_1",22693190,1,"Numenius arquata","NT"
"22693190_2",22693190,2,"Numenius arquata","NT"
"22693190_4",22693190,4,"Numenius arquata","NT"
"22693190_3",22693190,3,"Numenius arquata","NT"
"22693178_2",22693178,2,"Numenius phaeopus","LC"
"22693178_4",22693178,4,"Numenius phaeopus","LC"
"22693178_3",22693178,3,"Numenius phaeopus","LC"
"22694716_3",22694716,3,"Onychoprion aleuticus","VU"
"22694716_2",22694716,2,"Onychoprion aleuticus","VU"
"22679814_2",22679814,2,"Oxyura leucocephala","EN"
"22693949_3",22693949,3,"Vanellus vanellus","NT"
"22693949_2",22693949,2,"Vanellus vanellus","NT"
"22693949_1",22693949,1,"Vanellus vanellus","NT"
"22678911_1",22678911,1,"Perdix perdix","LC"
"22694989_4",22694989,4,"Pernis apivorus","LC"
"22694989_3",22694989,3,"Pernis apivorus","LC"
"22694989_2",22694989,2,"Pernis apivorus","LC"
"22696776_2",22696776,2,"Nannopterum auritus","LC"
"22696776_4",22696776,4,"Nannopterum auritus","LC"
"22696776_1",22696776,1,"Nannopterum auritus","LC"
"22696776_3",22696776,3,"Nannopterum auritus","LC"
"22693494_2",22693494,2,"Phalaropus fulicarius","LC"
"22693494_3",22693494,3,"Phalaropus fulicarius","LC"
"22726503_1",22726503,1,"Picus canus","LC"
"22725022_1",22725022,1,"Picus viridis","LC"
"22693727_2",22693727,2,"Pluvialis apricaria","LC"
"22693727_3",22693727,3,"Pluvialis apricaria","LC"
"22693727_1",22693727,1,"Pluvialis apricaria","LC"
"22693740_4",22693740,4,"Pluvialis dominica","LC"
"22693740_3",22693740,3,"Pluvialis dominica","LC"
"22693740_2",22693740,2,"Pluvialis dominica","LC"
"22680415_3",22680415,3,"Polysticta stelleri","VU"
"22680415_2",22680415,2,"Polysticta stelleri","VU"
"22680415_1",22680415,1,"Polysticta stelleri","VU"
"22692676_4",22692676,4,"Porzana porzana","LC"
"22692676_2",22692676,2,"Porzana porzana","LC"
"22692684_3",22692684,3,"Porzana carolina","LC"
"22692684_2",22692684,2,"Porzana carolina","LC"
"22693472_2",22693472,2,"Steganopus tricolor","LC"
"22693472_4",22693472,4,"Steganopus tricolor","LC"
"22725167_3",22725167,3,"Rallus indicus","LC"
"22725167_4",22725167,4,"Rallus indicus","LC"
"22725167_2",22725167,2,"Rallus indicus","LC"
"22725469_1",22725469,1,"Strix aluco","LC"
"22688296_2",22688296,2,"Selasphorus rufus","NT"
"22688296_3",22688296,3,"Selasphorus rufus","NT"
"22680874_4",22680874,4,"Sphyrapicus ruber","LC"
"22680317_2",22680317,2,"Sibirionetta formosa","LC"
"22680317_4",22680317,4,"Sibirionetta formosa","LC"
"22680317_3",22680317,3,"Sibirionetta formosa","LC"
"22680868_2",22680868,2,"Sphyrapicus varius","LC"
"22680868_4",22680868,4,"Sphyrapicus varius","LC"
"22680874_2",22680874,2,"Sphyrapicus ruber","LC"
"22680874_1",22680874,1,"Sphyrapicus ruber","LC"
"22680874_3",22680874,3,"Sphyrapicus ruber","LC"
"22680313_3",22680313,3,"Spatula querquedula","LC"
"22680313_4",22680313,4,"Spatula querquedula","LC"
"22680313_2",22680313,2,"Spatula querquedula","LC"
"22693472_3",22693472,3,"Steganopus tricolor","LC"
"22694251_2",22694251,2,"Stercorarius longicaudus","LC"
"22694251_3",22694251,3,"Stercorarius longicaudus","LC"
"22694245_2",22694245,2,"Stercorarius parasiticus","LC"
"22694245_3",22694245,3,"Stercorarius parasiticus","LC"
"22694240_2",22694240,2,"Stercorarius pomarinus","LC"
"22694240_3",22694240,3,"Stercorarius pomarinus","LC"
"22694240_4",22694240,4,"Stercorarius pomarinus","LC"
"22690439_4",22690439,4,"Streptopelia orientalis","LC"
"22690439_3",22690439,3,"Streptopelia orientalis","LC"
"22690439_1",22690439,1,"Streptopelia orientalis","LC"
"22690439_2",22690439,2,"Streptopelia orientalis","LC"
"22689094_1",22689094,1,"Strix varia","LC"
"22679491_1",22679491,1,"Tetrao urogalloides","LC"
"22679487_1",22679487,1,"Tetrao urogallus","LC"
"22693289_4",22693289,4,"Tringa brevipes","NT"
"22693289_2",22693289,2,"Tringa brevipes","NT"
"22693289_3",22693289,3,"Tringa brevipes","NT"
"22693235_2",22693235,2,"Tringa flavipes","LC"
"22693235_3",22693235,3,"Tringa flavipes","LC"
"22693235_4",22693235,4,"Tringa flavipes","LC"
"22693225_3",22693225,3,"Tringa guttifer","EN"
"22693225_2",22693225,2,"Tringa guttifer","EN"
"22693247_2",22693247,2,"Tringa glareola","LC"
"22693247_3",22693247,3,"Tringa glareola","LC"
"22693247_4",22693247,4,"Tringa glareola","LC"
"22693239_2",22693239,2,"Tringa solitaria","LC"
"22693305_2",22693305,2,"Tringa incana","LC"
"22693305_4",22693305,4,"Tringa incana","LC"
"22693305_3",22693305,3,"Tringa incana","LC"
"22693231_4",22693231,4,"Tringa melanoleuca","LC"
"22693231_2",22693231,2,"Tringa melanoleuca","LC"
"22693220_3",22693220,3,"Tringa nebularia","LC"
"22693220_2",22693220,2,"Tringa nebularia","LC"
"22693220_4",22693220,4,"Tringa nebularia","LC"
"22693239_3",22693239,3,"Tringa solitaria","LC"
"22693949_4",22693949,4,"Vanellus vanellus","NT"
"22693211_1",22693211,1,"Tringa totanus","LC"
"22693211_2",22693211,2,"Tringa totanus","LC"
"22693211_3",22693211,3,"Tringa totanus","LC"
"22693211_4",22693211,4,"Tringa totanus","LC"
"22692663_4",22692663,4,"Zapornia parva","LC"
"22692663_3",22692663,3,"Zapornia parva","LC"
"22692663_2",22692663,2,"Zapornia parva","LC"
"103871923_3",103871923,3,"Aegithalos caudatus","LC"
"103811905_3",103811905,3,"Delichon lagopodum","LC"
"103811905_2",103811905,2,"Delichon lagopodum","LC"
"103768039_3",103768039,3,"Emberiza spodocephala","LC"
"103768039_2",103768039,2,"Emberiza spodocephala","LC"
"22721097_4",22721097,4,"Junco hyemalis","LC"
"103692938_3",103692938,3,"Oriolus oriolus","LC"
"103692938_4",103692938,4,"Oriolus oriolus","LC"
"103692938_2",103692938,2,"Oriolus oriolus","LC"
"22716776_3",22716776,3,"Panurus biarmicus","LC"
"22716776_1",22716776,1,"Panurus biarmicus","LC"
"22735985_1",22735985,1,"Cyanistes cyanus","LC"
"103780243_2",103780243,2,"Passerculus sandwichensis","LC"
"103780243_3",103780243,3,"Passerculus sandwichensis","LC"
"103780243_1",103780243,1,"Passerculus sandwichensis","LC"
"103780243_4",103780243,4,"Passerculus sandwichensis","LC"
"103845882_2",103845882,2,"Phylloscopus borealis","LC"
"103845882_3",103845882,3,"Phylloscopus borealis","LC"
"22715264_4",22715264,4,"Phylloscopus fuscatus","LC"
"103845702_4",103845702,4,"Phylloscopus plumbeitarsus","LC"
"22715260_4",22715260,4,"Phylloscopus sibilatrix","LC"
"22715260_3",22715260,3,"Phylloscopus sibilatrix","LC"
"22715260_2",22715260,2,"Phylloscopus sibilatrix","LC"
"103845399_3",103845399,3,"Phylloscopus trochiloides","LC"
"103845399_2",103845399,2,"Phylloscopus trochiloides","LC"
"103727176_1",103727176,1,"Pica hudsonia","LC"
"22736052_1",22736052,1,"Riparia diluta","LC"
"22736052_3",22736052,3,"Riparia diluta","LC"
"22736052_2",22736052,2,"Riparia diluta","LC"
"22718644_1",22718644,1,"Prunella atrogularis","LC"
"22718644_2",22718644,2,"Prunella atrogularis","LC"
"22718644_3",22718644,3,"Prunella atrogularis","LC"
"22710156_2",22710156,2,"Saxicola rubetra","LC"
"22710156_3",22710156,3,"Saxicola rubetra","LC"
"22716901_3",22716901,3,"Sylvia atricapilla","LC"
"22716901_4",22716901,4,"Sylvia atricapilla","LC"
"105294257_3",105294257,3,"Tarsiger cyanurus","LC"
"105294257_1",105294257,1,"Tarsiger cyanurus","LC"
"22736108_2",22736108,2,"Turdus atrogularis","LC"
"22736108_3",22736108,3,"Turdus atrogularis","LC"
"22736108_4",22736108,4,"Turdus atrogularis","LC"
"22736111_2",22736111,2,"Turdus eunomus","LC"
"22736111_3",22736111,3,"Turdus eunomus","LC"
"103888106_2",103888106,2,"Turdus merula","LC"
"103888106_1",103888106,1,"Turdus merula","LC"
"103888106_3",103888106,3,"Turdus merula","LC"
"103798482_4",103798482,4,"Setophaga auduboni","LC"
"103798482_1",103798482,1,"Setophaga auduboni","LC"
"22696599_2",22696599,2,"Podiceps grisegena","LC"
"22696599_3",22696599,3,"Podiceps grisegena","LC"
"22696599_1",22696599,1,"Podiceps grisegena","LC"
"22697963_1",22697963,1,"Pterodroma inexpectata","NT"
"22697963_2",22697963,2,"Pterodroma inexpectata","NT"
"22697954_1",22697954,1,"Pterodroma nigripennis","LC"
"22697954_2",22697954,2,"Pterodroma nigripennis","LC"
"22721043_3",22721043,3,"Plectrophenax nivalis","LC"
"22679494_1",22679494,1,"Bonasa bonasia","LC"
"22698182_2",22698182,2,"Ardenna bulleri","VU"
"22734119_2",22734119,2,"Ficedula albicilla","LC"
"22734119_3",22734119,3,"Ficedula albicilla","LC"
"22734119_4",22734119,4,"Ficedula albicilla","LC"
"22720041_3",22720041,3,"Fringilla montifringilla","LC"
"22693348_2",22693348,2,"Limnodromus scolopaceus","LC"
"22693351_3",22693351,3,"Limnodromus semipalmatus","NT"
"22708382_2",22708382,2,"Geokichla sibirica","LC"
"22683623_2",22683623,2,"Megaceryle alcyon","LC"
"22680149_2",22680149,2,"Mareca strepera","LC"
"22680149_1",22680149,1,"Mareca strepera","LC"
"22680465_4",22680465,4,"Mergellus albellus","LC"
"22679814_3",22679814,3,"Oxyura leucocephala","EN"
"22679814_4",22679814,4,"Oxyura leucocephala","EN"
"22727137_1",22727137,1,"Picoides tridactylus","LC"
"22692676_3",22692676,3,"Porzana porzana","LC"
"22692684_4",22692684,4,"Porzana carolina","LC"
"22692684_1",22692684,1,"Porzana carolina","LC"
"22680868_3",22680868,3,"Sphyrapicus varius","LC"
"22693231_3",22693231,3,"Tringa melanoleuca","LC"
"22693243_4",22693243,4,"Tringa ochropus","LC"
"22693243_2",22693243,2,"Tringa ochropus","LC"
"22693243_3",22693243,3,"Tringa ochropus","LC"
"22693239_4",22693239,4,"Tringa solitaria","LC"
"22679511_1",22679511,1,"Tympanuchus phasianellus","LC"
"22721097_1",22721097,1,"Junco hyemalis","LC"
"22721097_2",22721097,2,"Junco hyemalis","LC"
"22721097_3",22721097,3,"Junco hyemalis","LC"
"103727252_1",103727252,1,"Nucifraga caryocatactes","LC"
"103845868_2",103845868,2,"Phylloscopus examinandus","LC"
"103845868_3",103845868,3,"Phylloscopus examinandus","LC"
"22715264_2",22715264,2,"Phylloscopus fuscatus","LC"
"22715264_3",22715264,3,"Phylloscopus fuscatus","LC"
"103844067_2",103844067,2,"Phylloscopus tristis","LC"
"103844067_3",103844067,3,"Phylloscopus tristis","LC"
"103845399_4",103845399,4,"Phylloscopus trochiloides","LC"
"103727048_1",103727048,1,"Pica pica","LC"
"22716901_1",22716901,1,"Sylvia atricapilla","LC"
"22716901_2",22716901,2,"Sylvia atricapilla","LC"
"105294257_2",105294257,2,"Tarsiger cyanurus","LC"
"22720957_2",22720957,2,"Emberiza chrysophrys","LC"
"22720960_4",22720960,4,"Emberiza rustica","VU"
"22720960_3",22720960,3,"Emberiza rustica","VU"
"22720960_2",22720960,2,"Emberiza rustica","VU"
"22720969_3",22720969,3,"Emberiza rutila","LC"
"103798482_3",103798482,3,"Setophaga auduboni","LC"
"103798482_2",103798482,2,"Setophaga auduboni","LC"
"103798425_4",103798425,4,"Setophaga coronata","LC"
"103798425_3",103798425,3,"Setophaga coronata","LC"
"103798425_2",103798425,2,"Setophaga coronata","LC"
"22714700_3",22714700,3,"Acrocephalus schoenobaenus","LC"
"22714700_4",22714700,4,"Acrocephalus schoenobaenus","LC"
"22679875_4",22679875,4,"Anser fabalis","LC"
"22718550_3",22718550,3,"Anthus hodgsoni","LC"
"22715310_3",22715310,3,"Phylloscopus inornatus","LC"
"22708146_1",22708146,1,"Bombycilla garrulus","LC"
"22708146_3",22708146,3,"Bombycilla garrulus","LC"
"22708146_2",22708146,2,"Bombycilla garrulus","LC"
"22708160_1",22708160,1,"Cinclus pallasii","LC"
"22706068_1",22706068,1,"Corvus corax","LC"
"22705986_1",22705986,1,"Corvus caurinus","LC"
"22720878_1",22720878,1,"Emberiza citrinella","LC"
"22699839_3",22699839,3,"Empidonax flaviventris","LC"
"22699839_4",22699839,4,"Empidonax flaviventris","LC"
"22724332_2",22724332,2,"Euphagus cyanocephalus","LC"
"22724332_1",22724332,1,"Euphagus cyanocephalus","LC"
"22724332_3",22724332,3,"Euphagus cyanocephalus","LC"
"22724332_4",22724332,4,"Euphagus cyanocephalus","LC"
"22709331_3",22709331,3,"Ficedula mugimaki","LC"
"22720041_1",22720041,1,"Fringilla montifringilla","LC"
"22722471_4",22722471,4,"Piranga ludoviciana","LC"
"22705011_2",22705011,2,"Lanius cristatus","LC"
"22705011_3",22705011,3,"Lanius cristatus","LC"
"22705011_1",22705011,1,"Lanius cristatus","LC"
"22714664_2",22714664,2,"Helopsaltes certhiola","LC"
"22714664_3",22714664,3,"Helopsaltes certhiola","LC"
"22714664_4",22714664,4,"Helopsaltes certhiola","LC"
"22714684_4",22714684,4,"Locustella luscinioides","LC"
"22714684_2",22714684,2,"Locustella luscinioides","LC"
"22714684_3",22714684,3,"Locustella luscinioides","LC"
"22714669_3",22714669,3,"Helopsaltes ochotensis","LC"
"22714669_2",22714669,2,"Helopsaltes ochotensis","LC"
"22714669_4",22714669,4,"Helopsaltes ochotensis","LC"
"22709691_3",22709691,3,"Luscinia luscinia","LC"
"22720638_1",22720638,1,"Loxia pytyopsittacus","LC"
"22709691_2",22709691,2,"Luscinia luscinia","LC"
"22734364_2",22734364,2,"Phylloscopus proregulus","LC"
"22734364_3",22734364,3,"Phylloscopus proregulus","LC"
"22734364_4",22734364,4,"Phylloscopus proregulus","LC"
"22695144_3",22695144,3,"Haliaeetus leucocephalus","LC"
"22695144_1",22695144,1,"Haliaeetus leucocephalus","LC"
"22695144_2",22695144,2,"Haliaeetus leucocephalus","LC"
"22695683_1",22695683,1,"Accipiter gentilis","LC"
"22695683_3",22695683,3,"Accipiter gentilis","LC"
"22680683_1",22680683,1,"Jynx torquilla","LC"
"22680683_3",22680683,3,"Jynx torquilla","LC"
"22680683_2",22680683,2,"Jynx torquilla","LC"
"22735990_1",22735990,1,"Parus major","LC"
"22679464_1",22679464,1,"Lagopus muta","LC"
"22705783_1",22705783,1,"Perisoreus canadensis","LC"
"22712427_2",22712427,2,"Petrochelidon pyrrhonota","LC"
"22712427_4",22712427,4,"Petrochelidon pyrrhonota","LC"
"22712427_3",22712427,3,"Petrochelidon pyrrhonota","LC"
"22679464_3",22679464,3,"Lagopus muta","LC"
"22715310_2",22715310,2,"Phylloscopus inornatus","LC"
"22715310_4",22715310,4,"Phylloscopus inornatus","LC"
"22715240_2",22715240,2,"Phylloscopus trochilus","LC"
"22715240_3",22715240,3,"Phylloscopus trochilus","LC"
"22715240_4",22715240,4,"Phylloscopus trochilus","LC"
"22694875_2",22694875,2,"Brachyramphus brevirostris","NT"
"22694875_3",22694875,3,"Brachyramphus brevirostris","NT"
"22729000_2",22729000,2,"Brachyramphus perdix","NT"
"22729000_3",22729000,3,"Brachyramphus perdix","NT"
"22729000_1",22729000,1,"Brachyramphus perdix","NT"
"22722471_2",22722471,2,"Piranga ludoviciana","LC"
"22722471_3",22722471,3,"Piranga ludoviciana","LC"
"22721046_3",22721046,3,"Plectrophenax hyperboreus","LC"
"22721046_2",22721046,2,"Plectrophenax hyperboreus","LC"
"22721043_2",22721043,2,"Plectrophenax nivalis","LC"
"22721043_1",22721043,1,"Plectrophenax nivalis","LC"
"22721043_4",22721043,4,"Plectrophenax nivalis","LC"
"22721188_1",22721188,1,"Pooecetes gramineus","LC"
"22721188_3",22721188,3,"Pooecetes gramineus","LC"
"22721188_4",22721188,4,"Pooecetes gramineus","LC"
"22721188_2",22721188,2,"Pooecetes gramineus","LC"
"22718630_3",22718630,3,"Prunella montanella","LC"
"22718630_4",22718630,4,"Prunella montanella","LC"
"22718630_2",22718630,2,"Prunella montanella","LC"
"22693399_3",22693399,3,"Calidris fuscicollis","LC"
"22693399_4",22693399,4,"Calidris fuscicollis","LC"
"22694317_4",22694317,4,"Larus delawarensis","LC"
"22724320_2",22724320,2,"Quiscalus quiscula","NT"
"22724320_3",22724320,3,"Quiscalus quiscula","NT"
"22724320_1",22724320,1,"Quiscalus quiscula","NT"
"22689887_4",22689887,4,"Caprimulgus europaeus","LC"
"22689887_3",22689887,3,"Caprimulgus europaeus","LC"
"22689887_2",22689887,2,"Caprimulgus europaeus","LC"
"22693437_3",22693437,3,"Calidris himantopus","LC"
"22693396_2",22693396,2,"Calidris minutilla","LC"
"22693396_3",22693396,3,"Calidris minutilla","LC"
"22693396_4",22693396,4,"Calidris minutilla","LC"
"22693373_2",22693373,2,"Calidris pusilla","NT"
"22693373_3",22693373,3,"Calidris pusilla","NT"
"22693373_4",22693373,4,"Calidris pusilla","NT"
"22693383_2",22693383,2,"Calidris ruficollis","NT"
"22693383_4",22693383,4,"Calidris ruficollis","NT"
"22693383_3",22693383,3,"Calidris ruficollis","NT"
"22693392_2",22693392,2,"Calidris subminuta","LC"
"22693392_4",22693392,4,"Calidris subminuta","LC"
"22693392_3",22693392,3,"Calidris subminuta","LC"
"22734194_4",22734194,4,"Melanitta deglandi","LC"
"22693356_3",22693356,3,"Calidris virgata","LC"
"22693356_2",22693356,2,"Calidris virgata","LC"
"22734194_2",22734194,2,"Melanitta deglandi","LC"
"22734194_3",22734194,3,"Melanitta deglandi","LC"
"22724836_2",22724836,2,"Melanitta fusca","VU"
"22724836_3",22724836,3,"Melanitta fusca","VU"
"22724879_3",22724879,3,"Melanitta nigra","LC"
"22724879_1",22724879,1,"Melanitta nigra","LC"
"22724879_2",22724879,2,"Melanitta nigra","LC"
"22716937_3",22716937,3,"Curruca nisoria","LC"
"22716937_4",22716937,4,"Curruca nisoria","LC"
"22716937_2",22716937,2,"Curruca nisoria","LC"
"22716906_3",22716906,3,"Sylvia borin","LC"
"22716906_2",22716906,2,"Sylvia borin","LC"
"22716906_4",22716906,4,"Sylvia borin","LC"
"22712057_4",22712057,4,"Tachycineta bicolor","LC"
"22712057_2",22712057,2,"Tachycineta bicolor","LC"
"22712057_3",22712057,3,"Tachycineta bicolor","LC"
"22694782_2",22694782,2,"Chlidonias leucopterus","LC"
"22694782_3",22694782,3,"Chlidonias leucopterus","LC"
"22708819_3",22708819,3,"Turdus iliacus","NT"
"22708819_4",22708819,4,"Turdus iliacus","NT"
"22708819_2",22708819,2,"Turdus iliacus","NT"
"22708793_3",22708793,3,"Turdus obscurus","LC"
"22708793_2",22708793,2,"Turdus obscurus","LC"
"22708793_4",22708793,4,"Turdus obscurus","LC"
"22708816_1",22708816,1,"Turdus pilaris","LC"
"22708816_3",22708816,3,"Turdus pilaris","LC"
"22708816_2",22708816,2,"Turdus pilaris","LC"
"22708829_3",22708829,3,"Turdus viscivorus","LC"
"22708829_1",22708829,1,"Turdus viscivorus","LC"
"22708829_2",22708829,2,"Turdus viscivorus","LC"
"22698182_1",22698182,1,"Ardenna bulleri","VU"
"22700506_4",22700506,4,"Tyrannus tyrannus","LC"
"22700506_2",22700506,2,"Tyrannus tyrannus","LC"
"22700506_3",22700506,3,"Tyrannus tyrannus","LC"
"22721091_3",22721091,3,"Zonotrichia atricapilla","LC"
"22721091_2",22721091,2,"Zonotrichia atricapilla","LC"
"22693264_4",22693264,4,"Actitis hypoleucos","LC"
"22721091_4",22721091,4,"Zonotrichia atricapilla","LC"
"22721082_2",22721082,2,"Zonotrichia querula","NT"
"22721082_3",22721082,3,"Zonotrichia querula","NT"
"22721082_4",22721082,4,"Zonotrichia querula","NT"
"22680455_3",22680455,3,"Bucephala clangula","LC"
"22680459_1",22680459,1,"Bucephala islandica","LC"
"22695624_4",22695624,4,"Accipiter nisus","LC"
"22695624_3",22695624,3,"Accipiter nisus","LC"
"22695624_1",22695624,1,"Accipiter nisus","LC"
"22695624_2",22695624,2,"Accipiter nisus","LC"
"22693264_2",22693264,2,"Actitis hypoleucos","LC"
"22693264_3",22693264,3,"Actitis hypoleucos","LC"
"22693277_1",22693277,1,"Actitis macularius","LC"
"22693277_4",22693277,4,"Actitis macularius","LC"
"22693277_3",22693277,3,"Actitis macularius","LC"
"22693277_2",22693277,2,"Actitis macularius","LC"
"22689366_3",22689366,3,"Aegolius acadicus","LC"
"22689366_1",22689366,1,"Aegolius acadicus","LC"
"103845702_2",103845702,2,"Phylloscopus plumbeitarsus","LC"
"22683027_3",22683027,3,"Alcedo atthis","LC"
"22683027_1",22683027,1,"Alcedo atthis","LC"
"22683027_2",22683027,2,"Alcedo atthis","LC"
"103845702_3",103845702,3,"Phylloscopus plumbeitarsus","LC"
"22680459_3",22680459,3,"Bucephala islandica","LC"
"22679859_2",22679859,2,"Cygnus buccinator","LC"
"22679859_3",22679859,3,"Cygnus buccinator","LC"
"22679859_1",22679859,1,"Cygnus buccinator","LC"
"22679839_1",22679839,1,"Cygnus olor","LC"
"22693399_2",22693399,2,"Calidris fuscicollis","LC"
"22679881_2",22679881,2,"Anser albifrons","LC"
"22679881_3",22679881,3,"Anser albifrons","LC"
"22679881_4",22679881,4,"Anser albifrons","LC"
"22693855_4",22693855,4,"Charadrius mongolus","LC"
"22693855_2",22693855,2,"Charadrius mongolus","LC"
"22693855_3",22693855,3,"Charadrius mongolus","LC"
"22679919_2",22679919,2,"Anser canagicus","NT"
"22679919_3",22679919,3,"Anser canagicus","NT"
"22679875_2",22679875,2,"Anser fabalis","LC"
"22679875_3",22679875,3,"Anser fabalis","LC"
"22692078_2",22692078,2,"Grus canadensis","LC"
"22692078_1",22692078,1,"Grus canadensis","LC"
"22692078_4",22692078,4,"Grus canadensis","LC"
"22692078_3",22692078,3,"Grus canadensis","LC"
"22686800_4",22686800,4,"Apus apus","LC"
"22686800_3",22686800,3,"Apus apus","LC"
"22686800_2",22686800,2,"Apus apus","LC"
"22696060_3",22696060,3,"Aquila chrysaetos","LC"
"22696060_2",22696060,2,"Aquila chrysaetos","LC"
"22696060_1",22696060,1,"Aquila chrysaetos","LC"
"22693341_2",22693341,2,"Arenaria melanocephala","LC"
"22693341_3",22693341,3,"Arenaria melanocephala","LC"
"22693341_4",22693341,4,"Arenaria melanocephala","LC"
"22689531_2",22689531,2,"Asio flammeus","LC"
"22689531_3",22689531,3,"Asio flammeus","LC"
"22689531_1",22689531,1,"Asio flammeus","LC"
"22689531_4",22689531,4,"Asio flammeus","LC"
"22680391_4",22680391,4,"Aythya fuligula","LC"
"22680391_2",22680391,2,"Aythya fuligula","LC"
"22680391_3",22680391,3,"Aythya fuligula","LC"
"22680391_1",22680391,1,"Aythya fuligula","LC"
"22680398_3",22680398,3,"Aythya marila","LC"
"22680398_2",22680398,2,"Aythya marila","LC"
"22689055_2",22689055,2,"Bubo scandiacus","VU"
"22693203_4",22693203,4,"Bartramia longicauda","LC"
"22693203_2",22693203,2,"Bartramia longicauda","LC"
"22693203_3",22693203,3,"Bartramia longicauda","LC"
"22689055_3",22689055,3,"Bubo scandiacus","VU"
"22680459_2",22680459,2,"Bucephala islandica","LC"
"22680462_2",22680462,2,"Bucephala albeola","LC"
"22680462_4",22680462,4,"Bucephala albeola","LC"
"22680462_3",22680462,3,"Bucephala albeola","LC"
"22697340_4",22697340,4,"Botaurus lentiginosus","LC"
"22697340_2",22697340,2,"Botaurus lentiginosus","LC"
"22697340_1",22697340,1,"Botaurus lentiginosus","LC"
"22697340_3",22697340,3,"Botaurus lentiginosus","LC"
"22697346_3",22697346,3,"Botaurus stellaris","LC"
"22697346_1",22697346,1,"Botaurus stellaris","LC"
"22697346_2",22697346,2,"Botaurus stellaris","LC"
"22680462_1",22680462,1,"Bucephala albeola","LC"
"22680455_2",22680455,2,"Bucephala clangula","LC"
"22689007_1",22689007,1,"Bubo blakistoni","EN"
"22688927_1",22688927,1,"Bubo bubo","LC"
"22695933_2",22695933,2,"Buteo jamaicensis","LC"
"22695933_1",22695933,1,"Buteo jamaicensis","LC"
"22695933_3",22695933,3,"Buteo jamaicensis","LC"
"22695973_1",22695973,1,"Buteo lagopus","LC"
"22695973_4",22695973,4,"Buteo lagopus","LC"
"22695973_2",22695973,2,"Buteo lagopus","LC"
"22695973_3",22695973,3,"Buteo lagopus","LC"
"22693363_3",22693363,3,"Calidris canutus","NT"
"22693363_2",22693363,2,"Calidris canutus","NT"
"22693363_4",22693363,4,"Calidris canutus","NT"
"22693437_2",22693437,2,"Calidris himantopus","LC"
"22693437_4",22693437,4,"Calidris himantopus","LC"
"22693376_2",22693376,2,"Calidris mauri","LC"
"22693376_3",22693376,3,"Calidris mauri","LC"
"22693376_4",22693376,4,"Calidris mauri","LC"
"22693408_3",22693408,3,"Calidris melanotos","LC"
"22693408_2",22693408,2,"Calidris melanotos","LC"
"22693408_4",22693408,4,"Calidris melanotos","LC"
"22693388_4",22693388,4,"Calidris temminckii","LC"
"22693388_3",22693388,3,"Calidris temminckii","LC"
"22693388_2",22693388,2,"Calidris temminckii","LC"
"22694867_1",22694867,1,"Cepphus carbo","LC"
"22694867_2",22694867,2,"Cepphus carbo","LC"
"22694867_4",22694867,4,"Cepphus carbo","LC"
"22694867_3",22694867,3,"Cepphus carbo","LC"
"22714679_3",22714679,3,"Locustella fluviatilis","LC"
"22714679_4",22714679,4,"Locustella fluviatilis","LC"
"22714654_2",22714654,2,"Locustella lanceolata","LC"
"22714654_3",22714654,3,"Locustella lanceolata","LC"
"22714654_4",22714654,4,"Locustella lanceolata","LC"
"22728944_3",22728944,3,"Loxia leucoptera","LC"
"22728944_1",22728944,1,"Loxia leucoptera","LC"
"104317670_4",104317670,4,"Acrocephalus arundinaceus","LC"
"104317670_3",104317670,3,"Acrocephalus arundinaceus","LC"
"104317670_2",104317670,2,"Acrocephalus arundinaceus","LC"
"22714736_2",22714736,2,"Acrocephalus dumetorum","LC"
"22714736_3",22714736,3,"Acrocephalus dumetorum","LC"
"22721033_2",22721033,2,"Calcarius lapponicus","LC"
"22720438_3",22720438,3,"Linaria flavirostris","LC"
"22720438_1",22720438,1,"Linaria flavirostris","LC"
"22720354_2",22720354,2,"Spinus spinus","LC"
"22721033_3",22721033,3,"Calcarius lapponicus","LC"
"22721033_4",22721033,4,"Calcarius lapponicus","LC"
"22720438_2",22720438,2,"Linaria flavirostris","LC"
"22720556_2",22720556,2,"Carpodacus erythrinus","LC"
"22720556_3",22720556,3,"Carpodacus erythrinus","LC"
"22735060_1",22735060,1,"Certhia familiaris","LC"
"22699787_2",22699787,2,"Contopus cooperi","NT"
"22699787_3",22699787,3,"Contopus cooperi","NT"
"22699787_4",22699787,4,"Contopus cooperi","NT"
"22720681_3",22720681,3,"Coccothraustes coccothraustes","LC"
"22720681_2",22720681,2,"Coccothraustes coccothraustes","LC"
"22720681_1",22720681,1,"Coccothraustes coccothraustes","LC"
"22718392_2",22718392,2,"Motacilla cinerea","LC"
"22718392_1",22718392,1,"Motacilla cinerea","LC"
"22720881_1",22720881,1,"Emberiza leucocephalos","LC"
"22720881_3",22720881,3,"Emberiza leucocephalos","LC"
"22720881_2",22720881,2,"Emberiza leucocephalos","LC"
"22720954_3",22720954,3,"Emberiza pusilla","LC"
"22720954_2",22720954,2,"Emberiza pusilla","LC"
"22720966_2",22720966,2,"Emberiza aureola","CR"
"22720966_3",22720966,3,"Emberiza aureola","CR"
"22714916_3",22714916,3,"Hippolais icterina","LC"
"22714916_4",22714916,4,"Hippolais icterina","LC"
"22714916_2",22714916,2,"Hippolais icterina","LC"
"22714891_3",22714891,3,"Iduna caligata","LC"
"22714891_2",22714891,2,"Iduna caligata","LC"
"22714891_4",22714891,4,"Iduna caligata","LC"
"22705001_4",22705001,4,"Lanius collurio","LC"
"22705001_3",22705001,3,"Lanius collurio","LC"
"22705001_2",22705001,2,"Lanius collurio","LC"
"22720646_1",22720646,1,"Loxia curvirostra","LC"
"22720646_3",22720646,3,"Loxia curvirostra","LC"
"22720646_2",22720646,2,"Loxia curvirostra","LC"
"22718392_3",22718392,3,"Motacilla cinerea","LC"
"22718270_2",22718270,2,"Passer montanus","LC"
"22718270_1",22718270,1,"Passer montanus","LC"
"22718270_3",22718270,3,"Passer montanus","LC"
"22735379_1",22735379,1,"Sitta arctica","LC"
"22698195_2",22698195,2,"Ardenna creatopus","VU"
"22698216_1",22698216,1,"Ardenna tenuirostris","LC"
"22698216_2",22698216,2,"Ardenna tenuirostris","LC"
"22732244_1",22732244,1,"Calonectris borealis","LC"
"22732244_2",22732244,2,"Calonectris borealis","LC"
"22694160_3",22694160,3,"Catharacta skua","LC"
"22694160_2",22694160,2,"Catharacta skua","LC"
"22696500_1",22696500,1,"Falco rusticolus","LC"
"22696500_3",22696500,3,"Falco rusticolus","LC"
"22696500_2",22696500,2,"Falco rusticolus","LC"
"22694927_3",22694927,3,"Fratercula arctica","VU"
"22694927_2",22694927,2,"Fratercula arctica","VU"
"22720354_1",22720354,1,"Spinus spinus","LC"
"22720354_3",22720354,3,"Spinus spinus","LC"
"22720916_2",22720916,2,"Emberiza hortulana","LC"
"22720916_3",22720916,3,"Emberiza hortulana","LC"
"22714679_2",22714679,2,"Locustella fluviatilis","LC"
"22698195_1",22698195,1,"Ardenna creatopus","VU"
"22679446_1",22679446,1,"Falcipennis falcipennis","NT"
"22724845_2",22724845,2,"Melanitta stejnegeri","LC"
"22724845_3",22724845,3,"Melanitta stejnegeri","LC"
"22693199_2",22693199,2,"Numenius madagascariensis","EN"
"22693199_3",22693199,3,"Numenius madagascariensis","EN"
"22693199_4",22693199,4,"Numenius madagascariensis","EN"
"22705614_1",22705614,1,"Cyanocitta stelleri","LC"
"22735995_1",22735995,1,"Poecile palustris","LC"
"22735965_1",22735965,1,"Periparus ater","LC"
"22735965_3",22735965,3,"Periparus ater","LC"
"22711716_1",22711716,1,"Poecile atricapillus","LC"
"22711724_1",22711724,1,"Poecile gambeli","LC"
"103811886_4",103811886,4,"Delichon urbicum","LC"
"103811886_3",103811886,3,"Delichon urbicum","LC"
"103811886_2",103811886,2,"Delichon urbicum","LC"
"103723684_1",103723684,1,"Garrulus glandarius","LC"
"103718956_3",103718956,3,"Lanius borealis","LC"
"103718956_4",103718956,4,"Lanius borealis","LC"
"103718956_1",103718956,1,"Lanius borealis","LC"
"103718956_2",103718956,2,"Lanius borealis","LC"
"103761667_1",103761667,1,"Cyanistes caeruleus","LC"
"103761667_3",103761667,3,"Cyanistes caeruleus","LC"
"22705983_2",22705983,2,"Corvus frugilegus","LC"
"22705983_3",22705983,3,"Corvus frugilegus","LC"
"22705983_1",22705983,1,"Corvus frugilegus","LC"
"22714657_4",22714657,4,"Locustella naevia","LC"
"22714657_3",22714657,3,"Locustella naevia","LC"
"22714657_2",22714657,2,"Locustella naevia","LC"
"22712077_4",22712077,4,"Tachycineta thalassina","LC"
"22712077_1",22712077,1,"Tachycineta thalassina","LC"
"22712077_3",22712077,3,"Tachycineta thalassina","LC"
"22712077_2",22712077,2,"Tachycineta thalassina","LC"
"22706016_2",22706016,2,"Corvus corone","LC"
"22706016_3",22706016,3,"Corvus corone","LC"
"22706016_1",22706016,1,"Corvus corone","LC"
"22694915_2",22694915,2,"Aethia cristatella","LC"
"22693424_2",22693424,2,"Calidris ptilocnemis","LC"
"22693424_3",22693424,3,"Calidris ptilocnemis","LC"
"22694915_1",22694915,1,"Aethia cristatella","LC"
"22694915_3",22694915,3,"Aethia cristatella","LC"
"22693424_1",22693424,1,"Calidris ptilocnemis","LC"
"22718546_3",22718546,3,"Anthus trivialis","LC"
"22718546_2",22718546,2,"Anthus trivialis","LC"
"22718553_2",22718553,2,"Anthus gustavi","LC"
"22718553_3",22718553,3,"Anthus gustavi","LC"
"102998555_2",102998555,2,"Alauda arvensis","LC"
"102998555_1",102998555,1,"Alauda arvensis","LC"
"102998555_3",102998555,3,"Alauda arvensis","LC"
"102998555_4",102998555,4,"Alauda arvensis","LC"
"22718553_4",22718553,4,"Anthus gustavi","LC"
"22718546_4",22718546,4,"Anthus trivialis","LC"
"22693424_4",22693424,4,"Calidris ptilocnemis","LC"
"22694915_4",22694915,4,"Aethia cristatella","LC"
"22728393_2",22728393,2,"Ammospiza nelsoni","LC"
"22728393_3",22728393,3,"Ammospiza nelsoni","LC"
"22735909_4",22735909,4,"Ficedula parva","LC"
"22720543_1",22720543,1,"Carpodacus sibiricus","LC"
"22720543_2",22720543,2,"Carpodacus sibiricus","LC"
"22720543_3",22720543,3,"Carpodacus sibiricus","LC"
"22720543_4",22720543,4,"Carpodacus sibiricus","LC"
"103764950_3",103764950,3,"Carduelis carduelis","LC"
"103764950_1",103764950,1,"Carduelis carduelis","LC"
"103764950_2",103764950,2,"Carduelis carduelis","LC"
"22720049_2",22720049,2,"Serinus serinus","LC"
"22720049_3",22720049,3,"Serinus serinus","LC"
"22720049_1",22720049,1,"Serinus serinus","LC"
"103879804_1",103879804,1,"Sitta europaea","LC"
"103883277_2",103883277,2,"Troglodytes troglodytes","LC"
"103883277_3",103883277,3,"Troglodytes troglodytes","LC"
"103883277_1",103883277,1,"Troglodytes troglodytes","LC"
"22718567_3",22718567,3,"Anthus petrosus","LC"
"22720592_3",22720592,3,"Carpodacus roseus","LC"
"22708156_1",22708156,1,"Cinclus cinclus","LC"
"22709308_2",22709308,2,"Ficedula hypoleuca","LC"
"22724191_1",22724191,1,"Agelaius phoeniceus","LC"
"22724191_2",22724191,2,"Agelaius phoeniceus","LC"
"22724191_3",22724191,3,"Agelaius phoeniceus","LC"
"22718567_1",22718567,1,"Anthus petrosus","LC"
"22718567_2",22718567,2,"Anthus petrosus","LC"
"22720592_1",22720592,1,"Carpodacus roseus","LC"
"22720592_2",22720592,2,"Carpodacus roseus","LC"
"22708156_3",22708156,3,"Cinclus cinclus","LC"
"22709308_4",22709308,4,"Ficedula hypoleuca","LC"
"22709308_3",22709308,3,"Ficedula hypoleuca","LC"
"22735909_2",22735909,2,"Ficedula parva","LC"
"22735909_3",22735909,3,"Ficedula parva","LC"
"22720477_3",22720477,3,"Leucosticte arctoa","LC"
"22720482_3",22720482,3,"Leucosticte tephrocotis","LC"
"22720482_1",22720482,1,"Leucosticte tephrocotis","LC"
"22720482_2",22720482,2,"Leucosticte tephrocotis","LC"
"22724354_4",22724354,4,"Molothrus ater","LC"
"22724354_2",22724354,2,"Molothrus ater","LC"
"22724354_1",22724354,1,"Molothrus ater","LC"
"22724354_3",22724354,3,"Molothrus ater","LC"
"22723813_3",22723813,3,"Pheucticus ludovicianus","LC"
"22723813_4",22723813,4,"Pheucticus ludovicianus","LC"
"22723813_2",22723813,2,"Pheucticus ludovicianus","LC"
"22720625_1",22720625,1,"Pinicola enucleator","LC"
"22720625_3",22720625,3,"Pinicola enucleator","LC"
"22720671_2",22720671,2,"Pyrrhula pyrrhula","LC"
"22720671_3",22720671,3,"Pyrrhula pyrrhula","LC"
"22720671_1",22720671,1,"Pyrrhula pyrrhula","LC"
"22712594_2",22712594,2,"Regulus satrapa","LC"
"22712594_3",22712594,3,"Regulus satrapa","LC"
"22734997_2",22734997,2,"Regulus regulus","LC"
"22734997_1",22734997,1,"Regulus regulus","LC"
"22734997_3",22734997,3,"Regulus regulus","LC"
"22712594_1",22712594,1,"Regulus satrapa","LC"
"22711196_3",22711196,3,"Sitta canadensis","LC"
"22711196_1",22711196,1,"Sitta canadensis","LC"
"22708753_3",22708753,3,"Turdus hortulorum","LC"
"22708753_4",22708753,4,"Turdus hortulorum","LC"
"22708753_2",22708753,2,"Turdus hortulorum","LC"
"22721085_4",22721085,4,"Zonotrichia albicollis","LC"
"22721085_2",22721085,2,"Zonotrichia albicollis","LC"
"22721085_1",22721085,1,"Zonotrichia albicollis","LC"
"22721085_3",22721085,3,"Zonotrichia albicollis","LC"
"103773898_3",103773898,3,"Oenanthe oenanthe","LC"
"103773898_2",103773898,2,"Oenanthe oenanthe","LC"
"22720477_1",22720477,1,"Leucosticte arctoa","LC"
"103779230_2",103779230,2,"Passerella unalaschcensis","LC"
"103779230_3",103779230,3,"Passerella unalaschcensis","LC"
"103779230_1",103779230,1,"Passerella unalaschcensis","LC"
"22728393_4",22728393,4,"Ammospiza nelsoni","LC"
"22679889_3",22679889,3,"Anser anser","LC"
"22679889_2",22679889,2,"Anser anser","LC"
"22679935_4",22679935,4,"Branta canadensis","LC"
"22679935_3",22679935,3,"Branta canadensis","LC"
"22679935_2",22679935,2,"Branta canadensis","LC"
"22679935_1",22679935,1,"Branta canadensis","LC"
"22679943_2",22679943,2,"Branta leucopsis","LC"
"22679943_3",22679943,3,"Branta leucopsis","LC"
"61752071_1",61752071,1,"Bubo virginianus","LC"
"22693420_3",22693420,3,"Calidris maritima","LC"
"22693420_1",22693420,1,"Calidris maritima","LC"
"22693420_2",22693420,2,"Calidris maritima","LC"
"22693420_4",22693420,4,"Calidris maritima","LC"
"22720330_2",22720330,2,"Chloris chloris","LC"
"22720330_3",22720330,3,"Chloris chloris","LC"
"22720330_1",22720330,1,"Chloris chloris","LC"
"22690103_3",22690103,3,"Columba palumbus","LC"
"22690103_1",22690103,1,"Columba palumbus","LC"
"22690103_2",22690103,2,"Columba palumbus","LC"
"22705990_1",22705990,1,"Corvus brachyrhynchos","LC"
"22705990_3",22705990,3,"Corvus brachyrhynchos","LC"
"22705990_2",22705990,2,"Corvus brachyrhynchos","LC"
"22705929_3",22705929,3,"Corvus monedula","LC"
"22705929_2",22705929,2,"Corvus monedula","LC"
"22705929_1",22705929,1,"Corvus monedula","LC"
"22678944_1",22678944,1,"Coturnix coturnix","LC"
"22678944_3",22678944,3,"Coturnix coturnix","LC"
"22678944_2",22678944,2,"Coturnix coturnix","LC"
"22709675_1",22709675,1,"Erithacus rubecula","LC"
"22709675_3",22709675,3,"Erithacus rubecula","LC"
"22709675_2",22709675,2,"Erithacus rubecula","LC"
"22724329_3",22724329,3,"Euphagus carolinus","VU"
"22724329_4",22724329,4,"Euphagus carolinus","VU"
"22724329_2",22724329,2,"Euphagus carolinus","VU"
"22697829_3",22697829,3,"Gavia stellata","LC"
"22697829_2",22697829,2,"Gavia stellata","LC"
"22697829_4",22697829,4,"Gavia stellata","LC"
"22679473_1",22679473,1,"Lagopus leucura","LC"
"22720441_3",22720441,3,"Linaria cannabina","LC"
"22720441_2",22720441,2,"Linaria cannabina","LC"
"22720441_1",22720441,1,"Linaria cannabina","LC"
"22680492_4",22680492,4,"Mergus merganser","LC"
"22680492_1",22680492,1,"Mergus merganser","LC"
"22680492_2",22680492,2,"Mergus merganser","LC"
"22680492_3",22680492,3,"Mergus merganser","LC"
"22680485_4",22680485,4,"Mergus serrator","LC"
"22680485_1",22680485,1,"Mergus serrator","LC"
"22680485_3",22680485,3,"Mergus serrator","LC"
"22680485_2",22680485,2,"Mergus serrator","LC"
"22727750_2",22727750,2,"Oxyura jamaicensis","LC"
"22727750_3",22727750,3,"Oxyura jamaicensis","LC"
"22727750_4",22727750,4,"Oxyura jamaicensis","LC"
"22727750_1",22727750,1,"Oxyura jamaicensis","LC"
"22696606_2",22696606,2,"Podiceps auritus","VU"
"22696606_3",22696606,3,"Podiceps auritus","VU"
"22696606_4",22696606,4,"Podiceps auritus","VU"
"22696610_2",22696610,2,"Podiceps nigricollis","LC"
"22696610_3",22696610,3,"Podiceps nigricollis","LC"
"22696610_1",22696610,1,"Podiceps nigricollis","LC"
"22696610_4",22696610,4,"Podiceps nigricollis","LC"
"22718651_2",22718651,2,"Prunella modularis","LC"
"22718651_3",22718651,3,"Prunella modularis","LC"
"22718651_1",22718651,1,"Prunella modularis","LC"
"22694476_3",22694476,3,"Rhodostethia rosea","LC"
"22694476_2",22694476,2,"Rhodostethia rosea","LC"
"22694476_4",22694476,4,"Rhodostethia rosea","LC"
"22694629_4",22694629,4,"Sterna paradisaea","LC"
"22694629_3",22694629,3,"Sterna paradisaea","LC"
"22694629_2",22694629,2,"Sterna paradisaea","LC"
"22708822_3",22708822,3,"Turdus philomelos","LC"
"22708822_2",22708822,2,"Turdus philomelos","LC"
"22708822_1",22708822,1,"Turdus philomelos","LC"
"22689108_1",22689108,1,"Strix uralensis","LC"
